_data_filename,_data__filedata_Area,_data__filedata_favor,_data__filedata_Content,_data__filedata_forward,_data__filedata_Follower,_data__filedata_Time,_data__filedata_comment,_data__filedata_ID,_data__filedata_Gender,
C++_Thu_Jan_13_000000_CST_2022_0.json,unknown,0,Day395英语复习单词专业课C++网课 87/314数据结构整理力扣2操作系统 3/26跑步时间3h#考研打卡##股票#,0,16,01月13日 00:42,0,DaGangW,male,
C++_Thu_Jan_13_000000_CST_2022_1.json,云南,3,Day395英语复习单词专业课C++网课 87/314数据结构整理力扣2操作系统 3/26跑步时间3h#考研打卡##股票#,5,246,01月13日 01:41,6,dogg新家,male,
C++_Wed_Apr_13_000000_CST_2022_0.json,unknown,0,Day395英语复习单词专业课C++网课 87/314数据结构整理力扣2操作系统 3/26跑步时间3h#考研打卡##股票#,0,16,04月13日 00:53,0,DaGangW,male,
html_Thu_Jan_13_000000_CST_2022_0.json,unknown,2,下位机用的C++，上位机用的Python。一个写完一句加分号，一个不用加~每天这两个程序一起改真的会精分！ 2秦皇岛,0,25,04月13日 00:14,1,是小宇呀ty,male,
html_Thu_Jan_13_000000_CST_2022_0.json,四川,0,发布了头条文章：《极简自适应多引擎搜索单页html源码》 O极简自适应多引擎搜索单页html源码,0,2.4万,01月13日 00:40,0,会说资源网,female,
html_Thu_Jan_13_000000_CST_2022_0.json,四川,0,发布了头条文章：《网站广告跳转安全警告提示页面html源码》 O网站广告跳转安全警告提示页面html源码,0,2.4万,01月13日 00:37,0,会说资源网,female,
html_Thu_Jan_13_000000_CST_2022_0.json,四川,0,发布了头条文章：《在线采集手机壁纸图片网站源码html版 自适应电脑手机端》 O在线采集手机壁纸图片网站源码html版 自适应电脑手机端,0,2.4万,01月13日 00:33,0,会说资源网,female,
html_Thu_Jan_13_000000_CST_2022_0.json,四川,0,发布了头条文章：《新版全民解析vip在线视频解析html源码》 O新版全民解析vip在线视频解析html源码,0,2.4万,01月13日 00:23,0,会说资源网,female,
html_Thu_Jan_13_000000_CST_2022_0.json,四川,0,发布了头条文章：《php+html5自定义文字生成表白页面源码》 Ophp+html5自定义文字生成表白页面源码,0,2.4万,01月13日 00:19,0,会说资源网,female,
Java_Thu_Jan_13_000000_CST_2022_0.json,美国,0,#娜奥米# CW台新　#Naomi#》女星#Kaci Walfall#表示，Rr的台~在非常美妙，f出碇H亦X得感樱McDuffie一家正是鄣拇表，y以在光幕上看到如此N族多元化的家庭！ ustvmania.blogspot.com/2021/06/naomi.html,0,2.9万,01月13日 00:06,0,USTVMania,male,
Java_Thu_Jan_13_000000_CST_2022_0.json,unknown,0,虽然我疯狂吐槽操作系统，但是不得不说，我操作系统和java是这个学期学的最用心的两门课了呜呜,0,157,01月13日 00:34,0,脆弱小行星,female,
Java_Thu_Jan_13_000000_CST_2022_0.json,广西,0,最后一科数据库了，永远相信文锦鲤！//@来份敲可爱:永远相信文锦鲤！明天最后一科离散数学给我过啊啊啊啊//@来份敲可爱:永远相信文锦鲤！今天数据结构冲鸭//@来份敲可爱:我将永远相信文锦鲤，明天Java也给我过过过！//@来份敲可爱:永远相信文锦鲤！明天电路分析过过过！,0,47,01月13日 00:10,0,来份敲可爱,female,
Java_Thu_Jan_13_000000_CST_2022_1.json,江苏,0,知乎可以不要再给我推这种视频了吗上次给我推个Java实现王者荣耀机制的连载视频，愣是推了五六期，是不是因为俺又看计算机又看王者荣耀啊,0,40,01月13日 00:09,3,2222度,male,
Java_Wed_Apr_13_000000_CST_2022_0.json,unknown,0,看个Java课程，弹幕一群男的集体高潮，果然。,0,109,01月13日 01:14,0,我悟了shutup,female,
Java_Wed_Apr_13_000000_CST_2022_0.json,江苏,7,#夏日露肉计划# DAY 37今天做了一些比较勇敢的举动（算是当着人群第一次那种，不在乎他人注视/尴尬耐受度有up）周围有女同学选择了外企的JAVA开发岗 很佩服（薪资待遇不加班也很羡慕，明确的是自己不会去研发岗）时间越紧张的时候，越能开心玩，也越能产生新事情,0,53,04月13日 00:42,7,AgNO3溶液,female,
Java_Wed_Apr_13_000000_CST_2022_0.json,江苏,0,Java 帆软对985 211高效招前端和后端有大佬感兴趣吗,0,1430,04月13日 00:25,0,糖太甜了w,female,
Java_Wed_Apr_13_000000_CST_2022_0.json,广东,1,04.12@江山映月星莹莹又是奇妙的一天上了化学实验课还有排队做核酸站了大半个小时而且实验课从八点半站到10点半我真的会谢。今天上课java实验课那种代码一写一个对的感觉也太好了加油晚安哦今天的日落也很美！很想再和你一起看日落我爱你,0,4,04月13日 00:15,3,我是我不是你就是我,female,
Java_Wed_Apr_13_000000_CST_2022_0.json,四川,0,HTML5 崛起之时，Java 桌面时代就已经终结了详情==> OHTML5 崛起之时，Java 桌面时代就已经终结了,0,13.5万,04月13日 00:12,0,外刊IT评论,male,
Java_Wed_Apr_13_000000_CST_2022_0.json,辽宁,2,整理一下Java实验最后一个主类高数重积分MOOC离散数学题没写过 马上好像还有个实验（?）物理概论雨课堂 题没写过 上册刚学完英语pre软工概论大作业日语歌展示体育太极拳也不是很多事 毕竟都是自己摆出来的捏??,0,41,04月13日 00:07,0,ylw2003,male,
JavaScript_Thu_Jan_13_000000_CST_2022_0.json,unknown,0,Java 有没有能辅导JAVA Image Processing的大佬啊,0,3,04月13日 00:02,3,一只捡破烂的垃圾桶,female,
JavaScript_Thu_Jan_13_000000_CST_2022_0.json,天津,4,【Scraping without JavaScript using Chromium on AWS Lambda: The Novel】O网页链接 在 AWS Lambda 上使用 Chromium 不使用 JavaScript 进行抓取：The Novel,4,93.8万,01月13日 00:17,0,网路冷眼,male,
JavaScript_Thu_Jan_13_000000_CST_2022_0.json,unknown,2,一个人写HTML&CSS，一个人负责网页内容，一个人负责JavaScript ……猜猜谁是那个因为时差没有看到消息只能捡漏负责JavaScript的可怜鬼,0,286,01月13日 00:11,0,不想当咸鱼的小鱼KORE,female,
